"Name","Code","Type","Date","New_cases","Population","Cumulative_cases","Period","Data_completeness","Cumulative_per_100000","New_cases_per_100000","Rolling_7_day_new_cases","Rolling_7_day_new_cases_per_100000","Perc_change_on_rolling_7_days_actual","Rolling_7_day_average_new_cases","Previous_7_days_sum"
"Arun","E07000224","Lower Tier Local Authority",2020-01-30,NA,NA,NA,"30 January 2020","Complete",NA,NA,NA,NA,0,NA,NA
"Arun","E07000224","Lower Tier Local Authority",2020-01-31,NA,NA,NA,"31 January 2020","Complete",NA,NA,NA,NA,0,NA,NA
"Arun","E07000224","Lower Tier Local Authority",2020-02-01,NA,NA,NA,"01 February 2020","Complete",NA,NA,NA,NA,0,NA,NA
"Arun","E07000224","Lower Tier Local Authority",2020-02-02,NA,NA,NA,"02 February 2020","Complete",NA,NA,NA,NA,0,NA,NA
"Arun","E07000224","Lower Tier Local Authority",2020-02-03,NA,NA,NA,"03 February 2020","Complete",NA,NA,NA,NA,0,NA,NA
"Arun","E07000224","Lower Tier Local Authority",2020-02-04,NA,NA,NA,"04 February 2020","Complete",NA,NA,NA,NA,0,NA,NA
"Arun","E07000224","Lower Tier Local Authority",2020-02-05,NA,NA,NA,"05 February 2020","Complete",NA,NA,NA,NA,0,NA,NA
"Arun","E07000224","Lower Tier Local Authority",2020-02-06,NA,NA,NA,"06 February 2020","Complete",NA,NA,NA,NA,0,NA,NA
"Arun","E07000224","Lower Tier Local Authority",2020-02-07,NA,NA,NA,"07 February 2020","Complete",NA,NA,NA,NA,0,NA,NA
"Arun","E07000224","Lower Tier Local Authority",2020-02-08,NA,NA,NA,"08 February 2020","Complete",NA,NA,NA,NA,0,NA,NA
"Arun","E07000224","Lower Tier Local Authority",2020-02-09,NA,NA,NA,"09 February 2020","Complete",NA,NA,NA,NA,0,NA,NA
"Arun","E07000224","Lower Tier Local Authority",2020-02-10,NA,NA,NA,"10 February 2020","Complete",NA,NA,NA,NA,0,NA,NA
"Arun","E07000224","Lower Tier Local Authority",2020-02-11,NA,NA,NA,"11 February 2020","Complete",NA,NA,NA,NA,0,NA,NA
"Arun","E07000224","Lower Tier Local Authority",2020-02-12,NA,NA,NA,"12 February 2020","Complete",NA,NA,NA,NA,0,NA,NA
"Arun","E07000224","Lower Tier Local Authority",2020-02-13,NA,NA,NA,"13 February 2020","Complete",NA,NA,NA,NA,0,NA,NA
"Arun","E07000224","Lower Tier Local Authority",2020-02-14,NA,NA,NA,"14 February 2020","Complete",NA,NA,NA,NA,0,NA,NA
"Arun","E07000224","Lower Tier Local Authority",2020-02-15,NA,NA,NA,"15 February 2020","Complete",NA,NA,NA,NA,0,NA,NA
"Arun","E07000224","Lower Tier Local Authority",2020-02-16,NA,NA,NA,"16 February 2020","Complete",NA,NA,NA,NA,0,NA,NA
"Arun","E07000224","Lower Tier Local Authority",2020-02-17,NA,NA,NA,"17 February 2020","Complete",NA,NA,NA,NA,0,NA,NA
"Arun","E07000224","Lower Tier Local Authority",2020-02-18,NA,NA,NA,"18 February 2020","Complete",NA,NA,NA,NA,0,NA,NA
"Arun","E07000224","Lower Tier Local Authority",2020-02-19,NA,NA,NA,"19 February 2020","Complete",NA,NA,NA,NA,0,NA,NA
"Arun","E07000224","Lower Tier Local Authority",2020-02-20,NA,NA,NA,"20 February 2020","Complete",NA,NA,NA,NA,0,NA,NA
"Arun","E07000224","Lower Tier Local Authority",2020-02-21,NA,NA,NA,"21 February 2020","Complete",NA,NA,NA,NA,0,NA,NA
"Arun","E07000224","Lower Tier Local Authority",2020-02-22,NA,NA,NA,"22 February 2020","Complete",NA,NA,NA,NA,0,NA,NA
"Arun","E07000224","Lower Tier Local Authority",2020-02-23,NA,NA,NA,"23 February 2020","Complete",NA,NA,NA,NA,0,NA,NA
"Arun","E07000224","Lower Tier Local Authority",2020-02-24,NA,NA,NA,"24 February 2020","Complete",NA,NA,NA,NA,0,NA,NA
"Arun","E07000224","Lower Tier Local Authority",2020-02-25,NA,NA,NA,"25 February 2020","Complete",NA,NA,NA,NA,0,NA,NA
"Arun","E07000224","Lower Tier Local Authority",2020-02-26,NA,NA,NA,"26 February 2020","Complete",NA,NA,NA,NA,0,NA,NA
"Arun","E07000224","Lower Tier Local Authority",2020-02-27,NA,NA,NA,"27 February 2020","Complete",NA,NA,NA,NA,0,NA,NA
"Arun","E07000224","Lower Tier Local Authority",2020-02-28,NA,NA,NA,"28 February 2020","Complete",NA,NA,NA,NA,0,NA,NA
"Arun","E07000224","Lower Tier Local Authority",2020-02-29,NA,NA,NA,"29 February 2020","Complete",NA,NA,NA,NA,0,NA,NA
"Arun","E07000224","Lower Tier Local Authority",2020-03-01,NA,NA,NA,"01 March 2020","Complete",NA,NA,NA,NA,0,NA,NA
"Arun","E07000224","Lower Tier Local Authority",2020-03-02,NA,NA,NA,"02 March 2020","Complete",NA,NA,NA,NA,0,NA,NA
"Arun","E07000224","Lower Tier Local Authority",2020-03-03,NA,NA,NA,"03 March 2020","Complete",NA,NA,NA,NA,0,NA,NA
"Arun","E07000224","Lower Tier Local Authority",2020-03-04,NA,NA,NA,"04 March 2020","Complete",NA,NA,NA,NA,0,NA,NA
"Arun","E07000224","Lower Tier Local Authority",2020-03-05,NA,NA,NA,"05 March 2020","Complete",NA,NA,NA,NA,0,NA,NA
"Arun","E07000224","Lower Tier Local Authority",2020-03-06,NA,NA,NA,"06 March 2020","Complete",NA,NA,NA,NA,0,NA,NA
"Arun","E07000224","Lower Tier Local Authority",2020-03-07,NA,NA,NA,"07 March 2020","Complete",NA,NA,NA,NA,0,NA,NA
"Arun","E07000224","Lower Tier Local Authority",2020-03-08,NA,NA,NA,"08 March 2020","Complete",NA,NA,NA,NA,0,NA,NA
"Arun","E07000224","Lower Tier Local Authority",2020-03-09,NA,NA,NA,"09 March 2020","Complete",NA,NA,NA,NA,0,NA,NA
"Arun","E07000224","Lower Tier Local Authority",2020-03-10,NA,NA,NA,"10 March 2020","Complete",NA,NA,NA,NA,0,NA,NA
"Arun","E07000224","Lower Tier Local Authority",2020-03-11,NA,NA,NA,"11 March 2020","Complete",NA,NA,NA,NA,0,NA,NA
"Arun","E07000224","Lower Tier Local Authority",2020-03-12,NA,NA,NA,"12 March 2020","Complete",NA,NA,NA,NA,0,NA,NA
"Arun","E07000224","Lower Tier Local Authority",2020-03-13,NA,NA,NA,"13 March 2020","Complete",NA,NA,NA,NA,0,NA,NA
"Arun","E07000224","Lower Tier Local Authority",2020-03-14,1,160758,1,"14 March 2020","Complete",0.622053023799749,0.622053023799749,NA,NA,0,NA,NA
"Arun","E07000224","Lower Tier Local Authority",2020-03-15,0,160758,1,"15 March 2020","Complete",0.622053023799749,0,NA,NA,0,NA,NA
"Arun","E07000224","Lower Tier Local Authority",2020-03-16,0,160758,1,"16 March 2020","Complete",0.622053023799749,0,NA,NA,0,NA,NA
"Arun","E07000224","Lower Tier Local Authority",2020-03-17,0,160758,1,"17 March 2020","Complete",0.622053023799749,0,NA,NA,0,NA,NA
"Arun","E07000224","Lower Tier Local Authority",2020-03-18,1,160758,2,"18 March 2020","Complete",1.2441060475995,0.622053023799749,NA,NA,0,NA,NA
"Arun","E07000224","Lower Tier Local Authority",2020-03-19,0,160758,2,"19 March 2020","Complete",1.2441060475995,0,NA,NA,0,NA,NA
"Arun","E07000224","Lower Tier Local Authority",2020-03-20,1,160758,3,"20 March 2020","Complete",1.86615907139925,0.622053023799749,3,1.86615907139925,0,0.428571428571429,NA
"Arun","E07000224","Lower Tier Local Authority",2020-03-21,1,160758,4,"21 March 2020","Complete",2.48821209519899,0.622053023799749,3,1.86615907139925,0,0.428571428571429,NA
"Arun","E07000224","Lower Tier Local Authority",2020-03-22,1,160758,5,"22 March 2020","Complete",3.11026511899874,0.622053023799749,4,2.48821209519899,0,0.571428571428571,NA
"Arun","E07000224","Lower Tier Local Authority",2020-03-23,1,160758,6,"23 March 2020","Complete",3.73231814279849,0.622053023799749,5,3.11026511899874,0,0.714285714285714,NA
"Arun","E07000224","Lower Tier Local Authority",2020-03-24,2,160758,8,"24 March 2020","Complete",4.97642419039799,1.2441060475995,7,4.35437116659824,0,1,NA
"Arun","E07000224","Lower Tier Local Authority",2020-03-25,2,160758,10,"25 March 2020","Complete",6.22053023799749,1.2441060475995,8,4.97642419039799,0,1.14285714285714,NA
"Arun","E07000224","Lower Tier Local Authority",2020-03-26,2,160758,12,"26 March 2020","Complete",7.46463628559698,1.2441060475995,10,6.22053023799749,0,1.42857142857143,NA
"Arun","E07000224","Lower Tier Local Authority",2020-03-27,2,160758,14,"27 March 2020","Complete",8.70874233319648,1.2441060475995,11,6.84258326179724,2.67,1.57142857142857,3
"Arun","E07000224","Lower Tier Local Authority",2020-03-28,4,160758,18,"28 March 2020","Complete",11.1969544283955,2.48821209519899,14,8.70874233319648,3.67,2,3
"Arun","E07000224","Lower Tier Local Authority",2020-03-29,1,160758,19,"29 March 2020","Complete",11.8190074521952,0.622053023799749,14,8.70874233319648,2.5,2,4
"Arun","E07000224","Lower Tier Local Authority",2020-03-30,2,160758,21,"30 March 2020","Complete",13.0631134997947,1.2441060475995,15,9.33079535699623,2,2.14285714285714,5
"Arun","E07000224","Lower Tier Local Authority",2020-03-31,4,160758,25,"31 March 2020","Complete",15.5513255949937,2.48821209519899,17,10.5749014045957,1.43,2.42857142857143,7
"Arun","E07000224","Lower Tier Local Authority",2020-04-01,0,160758,25,"01 April 2020","Complete",15.5513255949937,0,15,9.33079535699623,0.88,2.14285714285714,8
"Arun","E07000224","Lower Tier Local Authority",2020-04-02,2,160758,27,"02 April 2020","Complete",16.7954316425932,1.2441060475995,15,9.33079535699623,0.5,2.14285714285714,10
"Arun","E07000224","Lower Tier Local Authority",2020-04-03,2,160758,29,"03 April 2020","Complete",18.0395376901927,1.2441060475995,15,9.33079535699623,0.36,2.14285714285714,11
"Arun","E07000224","Lower Tier Local Authority",2020-04-04,5,160758,34,"04 April 2020","Complete",21.1498028091915,3.11026511899874,16,9.95284838079598,0.14,2.28571428571429,14
"Arun","E07000224","Lower Tier Local Authority",2020-04-05,2,160758,36,"05 April 2020","Complete",22.393908856791,1.2441060475995,17,10.5749014045957,0.21,2.42857142857143,14
"Arun","E07000224","Lower Tier Local Authority",2020-04-06,6,160758,42,"06 April 2020","Complete",26.1262269995894,3.73231814279849,21,13.0631134997947,0.4,3,15
"Arun","E07000224","Lower Tier Local Authority",2020-04-07,3,160758,45,"07 April 2020","Complete",27.9923860709887,1.86615907139925,20,12.441060475995,0.18,2.85714285714286,17
"Arun","E07000224","Lower Tier Local Authority",2020-04-08,3,160758,48,"08 April 2020","Complete",29.8585451423879,1.86615907139925,23,14.3072195473942,0.53,3.28571428571429,15
"Arun","E07000224","Lower Tier Local Authority",2020-04-09,4,160758,52,"09 April 2020","Complete",32.3467572375869,2.48821209519899,25,15.5513255949937,0.67,3.57142857142857,15
"Arun","E07000224","Lower Tier Local Authority",2020-04-10,3,160758,55,"10 April 2020","Complete",34.2129163089862,1.86615907139925,26,16.1733786187935,0.73,3.71428571428571,15
"Arun","E07000224","Lower Tier Local Authority",2020-04-11,4,160758,59,"11 April 2020","Complete",36.7011284041852,2.48821209519899,25,15.5513255949937,0.56,3.57142857142857,16
"Arun","E07000224","Lower Tier Local Authority",2020-04-12,5,160758,64,"12 April 2020","Complete",39.8113935231839,3.11026511899874,28,17.417484666393,0.65,4,17
"Arun","E07000224","Lower Tier Local Authority",2020-04-13,7,160758,71,"13 April 2020","Complete",44.1657646897822,4.35437116659824,29,18.0395376901927,0.38,4.14285714285714,21
"Arun","E07000224","Lower Tier Local Authority",2020-04-14,3,160758,74,"14 April 2020","Complete",46.0319237611814,1.86615907139925,29,18.0395376901927,0.45,4.14285714285714,20
"Arun","E07000224","Lower Tier Local Authority",2020-04-15,9,160758,83,"15 April 2020","Complete",51.6304009753791,5.59847721419774,35,21.7718558329912,0.52,5,23
"Arun","E07000224","Lower Tier Local Authority",2020-04-16,12,160758,95,"16 April 2020","Complete",59.0950372609761,7.46463628559698,43,26.7482800233892,0.72,6.14285714285714,25
"Arun","E07000224","Lower Tier Local Authority",2020-04-17,6,160758,101,"17 April 2020","Complete",62.8273554037746,3.73231814279849,46,28.6144390947884,0.77,6.57142857142857,26
"Arun","E07000224","Lower Tier Local Authority",2020-04-18,5,160758,106,"18 April 2020","Complete",65.9376205227734,3.11026511899874,47,29.2364921185882,0.88,6.71428571428571,25
"Arun","E07000224","Lower Tier Local Authority",2020-04-19,3,160758,109,"19 April 2020","Complete",67.8037795941726,1.86615907139925,45,27.9923860709887,0.61,6.42857142857143,28
"Arun","E07000224","Lower Tier Local Authority",2020-04-20,2,160758,111,"20 April 2020","Complete",69.0478856417721,1.2441060475995,40,24.8821209519899,0.38,5.71428571428571,29
"Arun","E07000224","Lower Tier Local Authority",2020-04-21,2,160758,113,"21 April 2020","Complete",70.2919916893716,1.2441060475995,39,24.2600679281902,0.34,5.57142857142857,29
"Arun","E07000224","Lower Tier Local Authority",2020-04-22,2,160758,115,"22 April 2020","Complete",71.5360977369711,1.2441060475995,32,19.905696761592,-0.09,4.57142857142857,35
"Arun","E07000224","Lower Tier Local Authority",2020-04-23,11,160758,126,"23 April 2020","Complete",78.3786809987683,6.84258326179724,31,19.2836437377922,-0.28,4.42857142857143,43
"Arun","E07000224","Lower Tier Local Authority",2020-04-24,8,160758,134,"24 April 2020","Complete",83.3551051891663,4.97642419039799,33,20.5277497853917,-0.28,4.71428571428571,46
"Arun","E07000224","Lower Tier Local Authority",2020-04-25,5,160758,139,"25 April 2020","Complete",86.4653703081651,3.11026511899874,33,20.5277497853917,-0.3,4.71428571428571,47
"Arun","E07000224","Lower Tier Local Authority",2020-04-26,4,160758,143,"26 April 2020","Complete",88.9535824033641,2.48821209519899,34,21.1498028091915,-0.24,4.85714285714286,45
"Arun","E07000224","Lower Tier Local Authority",2020-04-27,6,160758,149,"27 April 2020","Complete",92.6859005461626,3.73231814279849,38,23.6380149043905,-0.05,5.42857142857143,40
"Arun","E07000224","Lower Tier Local Authority",2020-04-28,13,160758,162,"28 April 2020","Complete",100.772589855559,8.08668930939673,49,30.4805981661877,0.26,7,39
"Arun","E07000224","Lower Tier Local Authority",2020-04-29,1,160758,163,"29 April 2020","Complete",101.394642879359,0.622053023799749,48,29.8585451423879,0.5,6.85714285714286,32
"Arun","E07000224","Lower Tier Local Authority",2020-04-30,12,160758,175,"30 April 2020","Complete",108.859279164956,7.46463628559698,49,30.4805981661877,0.58,7,31
"Arun","E07000224","Lower Tier Local Authority",2020-05-01,7,160758,182,"01 May 2020","Complete",113.213650331554,4.35437116659824,48,29.8585451423879,0.45,6.85714285714286,33
"Arun","E07000224","Lower Tier Local Authority",2020-05-02,5,160758,187,"02 May 2020","Complete",116.323915450553,3.11026511899874,48,29.8585451423879,0.45,6.85714285714286,33
"Arun","E07000224","Lower Tier Local Authority",2020-05-03,4,160758,191,"03 May 2020","Complete",118.812127545752,2.48821209519899,48,29.8585451423879,0.41,6.85714285714286,34
"Arun","E07000224","Lower Tier Local Authority",2020-05-04,1,160758,192,"04 May 2020","Complete",119.434180569552,0.622053023799749,43,26.7482800233892,0.13,6.14285714285714,38
"Arun","E07000224","Lower Tier Local Authority",2020-05-05,7,160758,199,"05 May 2020","Complete",123.78855173615,4.35437116659824,37,23.0159618805907,-0.24,5.28571428571429,49
"Arun","E07000224","Lower Tier Local Authority",2020-05-06,7,160758,206,"06 May 2020","Complete",128.142922902748,4.35437116659824,43,26.7482800233892,-0.1,6.14285714285714,48
"Arun","E07000224","Lower Tier Local Authority",2020-05-07,28,160758,234,"07 May 2020","Complete",145.560407569141,17.417484666393,59,36.7011284041852,0.2,8.42857142857143,49
"Arun","E07000224","Lower Tier Local Authority",2020-05-08,11,160758,245,"08 May 2020","Complete",152.402990830938,6.84258326179724,63,39.1893404993842,0.31,9,48
"Arun","E07000224","Lower Tier Local Authority",2020-05-09,1,160758,246,"09 May 2020","Complete",153.025043854738,0.622053023799749,59,36.7011284041852,0.23,8.42857142857143,48
"Arun","E07000224","Lower Tier Local Authority",2020-05-10,4,160758,250,"10 May 2020","Complete",155.513255949937,2.48821209519899,59,36.7011284041852,0.23,8.42857142857143,48
"Arun","E07000224","Lower Tier Local Authority",2020-05-11,7,160758,257,"11 May 2020","Complete",159.867627116535,4.35437116659824,65,40.4334465469837,0.51,9.28571428571429,43
"Arun","E07000224","Lower Tier Local Authority",2020-05-12,6,160758,263,"12 May 2020","Complete",163.599945259334,3.73231814279849,64,39.8113935231839,0.73,9.14285714285714,37
"Arun","E07000224","Lower Tier Local Authority",2020-05-13,1,160758,264,"13 May 2020","Complete",164.221998283134,0.622053023799749,58,36.0790753803854,0.35,8.28571428571429,43
"Arun","E07000224","Lower Tier Local Authority",2020-05-14,3,160758,267,"14 May 2020","Complete",166.088157354533,1.86615907139925,33,20.5277497853917,-0.44,4.71428571428571,59
"Arun","E07000224","Lower Tier Local Authority",2020-05-15,1,160758,268,"15 May 2020","Complete",166.710210378333,0.622053023799749,23,14.3072195473942,-0.63,3.28571428571429,63
"Arun","E07000224","Lower Tier Local Authority",2020-05-16,9,160758,277,"16 May 2020","Complete",172.30868759253,5.59847721419774,31,19.2836437377922,-0.47,4.42857142857143,59
"Arun","E07000224","Lower Tier Local Authority",2020-05-17,0,160758,277,"17 May 2020","Complete",172.30868759253,0,27,16.7954316425932,-0.54,3.85714285714286,59
"Arun","E07000224","Lower Tier Local Authority",2020-05-18,3,160758,280,"18 May 2020","Complete",174.17484666393,1.86615907139925,23,14.3072195473942,-0.65,3.28571428571429,65
"Arun","E07000224","Lower Tier Local Authority",2020-05-19,2,160758,282,"19 May 2020","Complete",175.418952711529,1.2441060475995,19,11.8190074521952,-0.7,2.71428571428571,64
"Arun","E07000224","Lower Tier Local Authority",2020-05-20,5,160758,287,"20 May 2020","Complete",178.529217830528,3.11026511899874,23,14.3072195473942,-0.6,3.28571428571429,58
"Arun","E07000224","Lower Tier Local Authority",2020-05-21,1,160758,288,"21 May 2020","Complete",179.151270854328,0.622053023799749,21,13.0631134997947,-0.36,3,33
"Arun","E07000224","Lower Tier Local Authority",2020-05-22,0,160758,288,"22 May 2020","Complete",179.151270854328,0,20,12.441060475995,-0.13,2.85714285714286,23
"Arun","E07000224","Lower Tier Local Authority",2020-05-23,1,160758,289,"23 May 2020","Complete",179.773323878127,0.622053023799749,12,7.46463628559698,-0.61,1.71428571428571,31
"Arun","E07000224","Lower Tier Local Authority",2020-05-24,2,160758,291,"24 May 2020","Complete",181.017429925727,1.2441060475995,14,8.70874233319648,-0.48,2,27
"Arun","E07000224","Lower Tier Local Authority",2020-05-25,1,160758,292,"25 May 2020","Complete",181.639482949527,0.622053023799749,12,7.46463628559698,-0.48,1.71428571428571,23
"Arun","E07000224","Lower Tier Local Authority",2020-05-26,1,160758,293,"26 May 2020","Complete",182.261535973326,0.622053023799749,11,6.84258326179724,-0.42,1.57142857142857,19
"Arun","E07000224","Lower Tier Local Authority",2020-05-27,0,160758,293,"27 May 2020","Complete",182.261535973326,0,6,3.73231814279849,-0.74,0.857142857142857,23
"Arun","E07000224","Lower Tier Local Authority",2020-05-28,1,160758,294,"28 May 2020","Complete",182.883588997126,0.622053023799749,6,3.73231814279849,-0.71,0.857142857142857,21
"Arun","E07000224","Lower Tier Local Authority",2020-05-29,1,160758,295,"29 May 2020","Complete",183.505642020926,0.622053023799749,7,4.35437116659824,-0.65,1,20
"Arun","E07000224","Lower Tier Local Authority",2020-05-30,1,160758,296,"30 May 2020","Complete",184.127695044726,0.622053023799749,7,4.35437116659824,-0.42,1,12
"Arun","E07000224","Lower Tier Local Authority",2020-05-31,0,160758,296,"31 May 2020","Complete",184.127695044726,0,5,3.11026511899874,-0.64,0.714285714285714,14
"Arun","E07000224","Lower Tier Local Authority",2020-06-01,4,160758,300,"01 June 2020","Complete",186.615907139925,2.48821209519899,8,4.97642419039799,-0.33,1.14285714285714,12
"Arun","E07000224","Lower Tier Local Authority",2020-06-02,1,160758,301,"02 June 2020","Complete",187.237960163724,0.622053023799749,8,4.97642419039799,-0.27,1.14285714285714,11
"Arun","E07000224","Lower Tier Local Authority",2020-06-03,2,160758,303,"03 June 2020","Complete",188.482066211324,1.2441060475995,10,6.22053023799749,0.67,1.42857142857143,6
"Arun","E07000224","Lower Tier Local Authority",2020-06-04,1,160758,304,"04 June 2020","Complete",189.104119235124,0.622053023799749,10,6.22053023799749,0.67,1.42857142857143,6
"Arun","E07000224","Lower Tier Local Authority",2020-06-05,1,160758,305,"05 June 2020","Complete",189.726172258923,0.622053023799749,10,6.22053023799749,0.43,1.42857142857143,7
"Arun","E07000224","Lower Tier Local Authority",2020-06-06,1,160758,306,"06 June 2020","Complete",190.348225282723,0.622053023799749,10,6.22053023799749,0.43,1.42857142857143,7
"Arun","E07000224","Lower Tier Local Authority",2020-06-07,1,160758,307,"07 June 2020","Complete",190.970278306523,0.622053023799749,11,6.84258326179724,1.2,1.57142857142857,5
"Arun","E07000224","Lower Tier Local Authority",2020-06-08,1,160758,308,"08 June 2020","Complete",191.592331330323,0.622053023799749,8,4.97642419039799,0,1.14285714285714,8
"Arun","E07000224","Lower Tier Local Authority",2020-06-09,0,160758,308,"09 June 2020","Complete",191.592331330323,0,7,4.35437116659824,-0.12,1,8
"Arun","E07000224","Lower Tier Local Authority",2020-06-10,1,160758,309,"10 June 2020","Complete",192.214384354122,0.622053023799749,6,3.73231814279849,-0.4,0.857142857142857,10
"Arun","E07000224","Lower Tier Local Authority",2020-06-11,1,160758,310,"11 June 2020","Complete",192.836437377922,0.622053023799749,6,3.73231814279849,-0.4,0.857142857142857,10
"Arun","E07000224","Lower Tier Local Authority",2020-06-12,0,160758,310,"12 June 2020","Complete",192.836437377922,0,5,3.11026511899874,-0.5,0.714285714285714,10
"Arun","E07000224","Lower Tier Local Authority",2020-06-13,0,160758,310,"13 June 2020","Complete",192.836437377922,0,4,2.48821209519899,-0.6,0.571428571428571,10
"Arun","E07000224","Lower Tier Local Authority",2020-06-14,0,160758,310,"14 June 2020","Complete",192.836437377922,0,3,1.86615907139925,-0.73,0.428571428571429,11
"Arun","E07000224","Lower Tier Local Authority",2020-06-15,2,160758,312,"15 June 2020","Complete",194.080543425522,1.2441060475995,4,2.48821209519899,-0.5,0.571428571428571,8
"Arun","E07000224","Lower Tier Local Authority",2020-06-16,0,160758,312,"16 June 2020","Complete",194.080543425522,0,4,2.48821209519899,-0.43,0.571428571428571,7
"Arun","E07000224","Lower Tier Local Authority",2020-06-17,3,160758,315,"17 June 2020","Complete",195.946702496921,1.86615907139925,6,3.73231814279849,0,0.857142857142857,6
"Arun","E07000224","Lower Tier Local Authority",2020-06-18,0,160758,315,"18 June 2020","Complete",195.946702496921,0,5,3.11026511899874,-0.17,0.714285714285714,6
"Arun","E07000224","Lower Tier Local Authority",2020-06-19,0,160758,315,"19 June 2020","Complete",195.946702496921,0,5,3.11026511899874,0,0.714285714285714,5
"Arun","E07000224","Lower Tier Local Authority",2020-06-20,0,160758,315,"20 June 2020","Complete",195.946702496921,0,5,3.11026511899874,0.25,0.714285714285714,4
"Arun","E07000224","Lower Tier Local Authority",2020-06-21,0,160758,315,"21 June 2020","Complete",195.946702496921,0,5,3.11026511899874,0.67,0.714285714285714,3
"Arun","E07000224","Lower Tier Local Authority",2020-06-22,2,160758,317,"22 June 2020","Complete",197.19080854452,1.2441060475995,5,3.11026511899874,0.25,0.714285714285714,4
"Arun","E07000224","Lower Tier Local Authority",2020-06-23,0,160758,317,"23 June 2020","Complete",197.19080854452,0,5,3.11026511899874,0.25,0.714285714285714,4
"Arun","E07000224","Lower Tier Local Authority",2020-06-24,1,160758,318,"24 June 2020","Complete",197.81286156832,0.622053023799749,3,1.86615907139925,-0.5,0.428571428571429,6
"Arun","E07000224","Lower Tier Local Authority",2020-06-25,1,160758,319,"25 June 2020","Complete",198.43491459212,0.622053023799749,4,2.48821209519899,-0.2,0.571428571428571,5
"Arun","E07000224","Lower Tier Local Authority",2020-06-26,0,160758,319,"26 June 2020","Complete",198.43491459212,0,4,2.48821209519899,-0.2,0.571428571428571,5
"Arun","E07000224","Lower Tier Local Authority",2020-06-27,0,160758,319,"27 June 2020","Complete",198.43491459212,0,4,2.48821209519899,-0.2,0.571428571428571,5
"Arun","E07000224","Lower Tier Local Authority",2020-06-28,0,160758,319,"28 June 2020","Complete",198.43491459212,0,4,2.48821209519899,-0.2,0.571428571428571,5
"Arun","E07000224","Lower Tier Local Authority",2020-06-29,0,160758,319,"29 June 2020","Complete",198.43491459212,0,2,1.2441060475995,-0.6,0.285714285714286,5
"Arun","E07000224","Lower Tier Local Authority",2020-06-30,0,160758,319,"30 June 2020","Complete",198.43491459212,0,2,1.2441060475995,-0.6,0.285714285714286,5
"Arun","E07000224","Lower Tier Local Authority",2020-07-01,0,160758,319,"01 July 2020","Complete",198.43491459212,0,1,0.622053023799749,-0.67,0.142857142857143,3
"Arun","E07000224","Lower Tier Local Authority",2020-07-02,0,160758,319,"02 July 2020","Complete",198.43491459212,0,0,0,-1,0,4
"Arun","E07000224","Lower Tier Local Authority",2020-07-03,0,160758,319,"03 July 2020","Complete",198.43491459212,0,0,0,-1,0,4
"Arun","E07000224","Lower Tier Local Authority",2020-07-04,0,160758,319,"04 July 2020","Complete",198.43491459212,0,0,0,-1,0,4
"Arun","E07000224","Lower Tier Local Authority",2020-07-05,0,160758,319,"05 July 2020","Complete",198.43491459212,0,0,0,-1,0,4
"Arun","E07000224","Lower Tier Local Authority",2020-07-06,0,160758,319,"06 July 2020","Complete",198.43491459212,0,0,0,-1,0,2
"Arun","E07000224","Lower Tier Local Authority",2020-07-07,1,160758,320,"07 July 2020","Complete",199.05696761592,0.622053023799749,1,0.622053023799749,-0.5,0.142857142857143,2
"Arun","E07000224","Lower Tier Local Authority",2020-07-08,0,160758,320,"08 July 2020","Complete",199.05696761592,0,1,0.622053023799749,0,0.142857142857143,1
"Arun","E07000224","Lower Tier Local Authority",2020-07-09,1,160758,321,"09 July 2020","Complete",199.679020639719,0.622053023799749,2,1.2441060475995,1,0.285714285714286,0
"Arun","E07000224","Lower Tier Local Authority",2020-07-10,0,160758,321,"10 July 2020","Complete",199.679020639719,0,2,1.2441060475995,1,0.285714285714286,0
"Arun","E07000224","Lower Tier Local Authority",2020-07-11,0,160758,321,"11 July 2020","Complete",199.679020639719,0,2,1.2441060475995,1,0.285714285714286,0
"Arun","E07000224","Lower Tier Local Authority",2020-07-12,0,160758,321,"12 July 2020","Complete",199.679020639719,0,2,1.2441060475995,1,0.285714285714286,0
"Arun","E07000224","Lower Tier Local Authority",2020-07-13,2,160758,323,"13 July 2020","Complete",200.923126687319,1.2441060475995,4,2.48821209519899,1,0.571428571428571,0
"Arun","E07000224","Lower Tier Local Authority",2020-07-14,1,160758,324,"14 July 2020","Complete",201.545179711119,0.622053023799749,4,2.48821209519899,3,0.571428571428571,1
"Arun","E07000224","Lower Tier Local Authority",2020-07-15,0,160758,324,"15 July 2020","Complete",201.545179711119,0,4,2.48821209519899,3,0.571428571428571,1
"Arun","E07000224","Lower Tier Local Authority",2020-07-16,0,160758,324,"16 July 2020","Complete",201.545179711119,0,3,1.86615907139925,0.5,0.428571428571429,2
"Arun","E07000224","Lower Tier Local Authority",2020-07-17,0,160758,324,"17 July 2020","Complete",201.545179711119,0,3,1.86615907139925,0.5,0.428571428571429,2
"Arun","E07000224","Lower Tier Local Authority",2020-07-18,1,160758,325,"18 July 2020","Complete",202.167232734918,0.622053023799749,4,2.48821209519899,1,0.571428571428571,2
"Arun","E07000224","Lower Tier Local Authority",2020-07-19,0,160758,325,"19 July 2020","Complete",202.167232734918,0,4,2.48821209519899,1,0.571428571428571,2
"Arun","E07000224","Lower Tier Local Authority",2020-07-20,0,160758,325,"20 July 2020","Complete",202.167232734918,0,2,1.2441060475995,-0.5,0.285714285714286,4
"Arun","E07000224","Lower Tier Local Authority",2020-07-21,1,160758,326,"21 July 2020","Complete",202.789285758718,0.622053023799749,2,1.2441060475995,-0.5,0.285714285714286,4
"Arun","E07000224","Lower Tier Local Authority",2020-07-22,2,160758,328,"22 July 2020","Complete",204.033391806318,1.2441060475995,4,2.48821209519899,0,0.571428571428571,4
"Arun","E07000224","Lower Tier Local Authority",2020-07-23,0,160758,328,"23 July 2020","Complete",204.033391806318,0,4,2.48821209519899,0.33,0.571428571428571,3
"Arun","E07000224","Lower Tier Local Authority",2020-07-24,1,160758,329,"24 July 2020","Complete",204.655444830117,0.622053023799749,5,3.11026511899874,0.67,0.714285714285714,3
"Arun","E07000224","Lower Tier Local Authority",2020-07-25,0,160758,329,"25 July 2020","Complete",204.655444830117,0,4,2.48821209519899,0,0.571428571428571,4
"Arun","E07000224","Lower Tier Local Authority",2020-07-26,0,160758,329,"26 July 2020","Complete",204.655444830117,0,4,2.48821209519899,0,0.571428571428571,4
"Arun","E07000224","Lower Tier Local Authority",2020-07-27,0,160758,329,"27 July 2020","Complete",204.655444830117,0,4,2.48821209519899,1,0.571428571428571,2
"Arun","E07000224","Lower Tier Local Authority",2020-07-28,0,160758,329,"28 July 2020","Complete",204.655444830117,0,3,1.86615907139925,0.5,0.428571428571429,2
"Arun","E07000224","Lower Tier Local Authority",2020-07-29,1,160758,330,"29 July 2020","Complete",205.277497853917,0.622053023799749,2,1.2441060475995,-0.5,0.285714285714286,4
"Arun","E07000224","Lower Tier Local Authority",2020-07-30,0,160758,330,"30 July 2020","Complete",205.277497853917,0,2,1.2441060475995,-0.5,0.285714285714286,4
"Arun","E07000224","Lower Tier Local Authority",2020-07-31,0,160758,330,"31 July 2020","Complete",205.277497853917,0,1,0.622053023799749,-0.8,0.142857142857143,5
"Arun","E07000224","Lower Tier Local Authority",2020-08-01,1,160758,331,"01 August 2020","Complete",205.899550877717,0.622053023799749,2,1.2441060475995,-0.5,0.285714285714286,4
"Arun","E07000224","Lower Tier Local Authority",2020-08-02,0,160758,331,"02 August 2020","Complete",205.899550877717,0,2,1.2441060475995,-0.5,0.285714285714286,4
"Arun","E07000224","Lower Tier Local Authority",2020-08-03,2,160758,333,"03 August 2020","Complete",207.143656925316,1.2441060475995,4,2.48821209519899,0,0.571428571428571,4
"Arun","E07000224","Lower Tier Local Authority",2020-08-04,1,160758,334,"04 August 2020","Complete",207.765709949116,0.622053023799749,5,3.11026511899874,0.67,0.714285714285714,3
"Arun","E07000224","Lower Tier Local Authority",2020-08-05,1,160758,335,"05 August 2020","Complete",208.387762972916,0.622053023799749,5,3.11026511899874,1.5,0.714285714285714,2
"Arun","E07000224","Lower Tier Local Authority",2020-08-06,0,160758,335,"06 August 2020","Complete",208.387762972916,0,5,3.11026511899874,1.5,0.714285714285714,2
"Arun","E07000224","Lower Tier Local Authority",2020-08-07,0,160758,335,"07 August 2020","Complete",208.387762972916,0,5,3.11026511899874,4,0.714285714285714,1
"Arun","E07000224","Lower Tier Local Authority",2020-08-08,0,160758,335,"08 August 2020","Complete",208.387762972916,0,4,2.48821209519899,1,0.571428571428571,2
"Arun","E07000224","Lower Tier Local Authority",2020-08-09,1,160758,336,"09 August 2020","Complete",209.009815996716,0.622053023799749,5,3.11026511899874,1.5,0.714285714285714,2
"Arun","E07000224","Lower Tier Local Authority",2020-08-10,0,160758,336,"10 August 2020","Complete",209.009815996716,0,3,1.86615907139925,-0.25,0.428571428571429,4
"Arun","E07000224","Lower Tier Local Authority",2020-08-11,2,160758,338,"11 August 2020","Complete",210.253922044315,1.2441060475995,4,2.48821209519899,-0.2,0.571428571428571,5
"Arun","E07000224","Lower Tier Local Authority",2020-08-12,1,160758,339,"12 August 2020","Complete",210.875975068115,0.622053023799749,4,2.48821209519899,-0.2,0.571428571428571,5
"Arun","E07000224","Lower Tier Local Authority",2020-08-13,3,160758,342,"13 August 2020","Complete",212.742134139514,1.86615907139925,7,4.35437116659824,0.4,1,5
"Arun","E07000224","Lower Tier Local Authority",2020-08-14,0,160758,342,"14 August 2020","Complete",212.742134139514,0,7,4.35437116659824,0.4,1,5
"Arun","E07000224","Lower Tier Local Authority",2020-08-15,0,160758,342,"15 August 2020","Complete",212.742134139514,0,7,4.35437116659824,0.75,1,4
"Arun","E07000224","Lower Tier Local Authority",2020-08-16,0,160758,342,"16 August 2020","Complete",212.742134139514,0,6,3.73231814279849,0.2,0.857142857142857,5
"Arun","E07000224","Lower Tier Local Authority",2020-08-17,0,160758,342,"17 August 2020","Complete",212.742134139514,0,6,3.73231814279849,1,0.857142857142857,3
"Arun","E07000224","Lower Tier Local Authority",2020-08-18,1,160758,343,"18 August 2020","Complete",213.364187163314,0.622053023799749,5,3.11026511899874,0.25,0.714285714285714,4
"Arun","E07000224","Lower Tier Local Authority",2020-08-19,0,160758,343,"19 August 2020","Complete",213.364187163314,0,4,2.48821209519899,0,0.571428571428571,4
"Arun","E07000224","Lower Tier Local Authority",2020-08-20,3,160758,346,"20 August 2020","Complete",215.230346234713,1.86615907139925,4,2.48821209519899,-0.43,0.571428571428571,7
"Arun","E07000224","Lower Tier Local Authority",2020-08-21,1,160758,347,"21 August 2020","Complete",215.852399258513,0.622053023799749,5,3.11026511899874,-0.29,0.714285714285714,7
"Arun","E07000224","Lower Tier Local Authority",2020-08-22,0,160758,347,"22 August 2020","Complete",215.852399258513,0,5,3.11026511899874,-0.29,0.714285714285714,7
"Arun","E07000224","Lower Tier Local Authority",2020-08-23,0,160758,347,"23 August 2020","Complete",215.852399258513,0,5,3.11026511899874,-0.17,0.714285714285714,6
"Arun","E07000224","Lower Tier Local Authority",2020-08-24,0,160758,347,"24 August 2020","Complete",215.852399258513,0,5,3.11026511899874,-0.17,0.714285714285714,6
"Arun","E07000224","Lower Tier Local Authority",2020-08-25,1,160758,348,"25 August 2020","Complete",216.474452282313,0.622053023799749,5,3.11026511899874,0,0.714285714285714,5
"Arun","E07000224","Lower Tier Local Authority",2020-08-26,1,160758,349,"26 August 2020","Complete",217.096505306112,0.622053023799749,6,3.73231814279849,0.5,0.857142857142857,4
"Arun","E07000224","Lower Tier Local Authority",2020-08-27,1,160758,350,"27 August 2020","Complete",217.718558329912,0.622053023799749,4,2.48821209519899,0,0.571428571428571,4
"Arun","E07000224","Lower Tier Local Authority",2020-08-28,0,160758,350,"28 August 2020","Complete",217.718558329912,0,3,1.86615907139925,-0.4,0.428571428571429,5
"Arun","E07000224","Lower Tier Local Authority",2020-08-29,1,160758,351,"29 August 2020","Complete",218.340611353712,0.622053023799749,4,2.48821209519899,-0.2,0.571428571428571,5
"Arun","E07000224","Lower Tier Local Authority",2020-08-30,2,160758,353,"30 August 2020","Complete",219.584717401311,1.2441060475995,6,3.73231814279849,0.2,0.857142857142857,5
"Arun","E07000224","Lower Tier Local Authority",2020-08-31,3,160758,356,"31 August 2020","Complete",221.450876472711,1.86615907139925,9,5.59847721419774,0.8,1.28571428571429,5
"Arun","E07000224","Lower Tier Local Authority",2020-09-01,2,160758,358,"01 September 2020","Complete",222.69498252031,1.2441060475995,10,6.22053023799749,1,1.42857142857143,5
"Arun","E07000224","Lower Tier Local Authority",2020-09-02,3,160758,361,"02 September 2020","Complete",224.561141591709,1.86615907139925,12,7.46463628559698,1,1.71428571428571,6
"Arun","E07000224","Lower Tier Local Authority",2020-09-03,7,160758,368,"03 September 2020","Complete",228.915512758308,4.35437116659824,18,11.1969544283955,3.5,2.57142857142857,4
"Arun","E07000224","Lower Tier Local Authority",2020-09-04,8,160758,376,"04 September 2020","Complete",233.891936948706,4.97642419039799,26,16.1733786187935,7.67,3.71428571428571,3
"Arun","E07000224","Lower Tier Local Authority",2020-09-05,3,160758,379,"05 September 2020","Complete",235.758096020105,1.86615907139925,28,17.417484666393,6,4,4
"Arun","E07000224","Lower Tier Local Authority",2020-09-06,3,160758,382,"06 September 2020","Complete",237.624255091504,1.86615907139925,29,18.0395376901927,3.83,4.14285714285714,6
"Arun","E07000224","Lower Tier Local Authority",2020-09-07,4,160758,386,"07 September 2020","Complete",240.112467186703,2.48821209519899,30,18.6615907139925,2.33,4.28571428571429,9
"Arun","E07000224","Lower Tier Local Authority",2020-09-08,1,160758,387,"08 September 2020","Complete",240.734520210503,0.622053023799749,29,18.0395376901927,1.9,4.14285714285714,10
"Arun","E07000224","Lower Tier Local Authority",2020-09-09,3,160758,390,"09 September 2020","Complete",242.600679281902,1.86615907139925,29,18.0395376901927,1.42,4.14285714285714,12
"Arun","E07000224","Lower Tier Local Authority",2020-09-10,2,160758,392,"10 September 2020","Complete",243.844785329501,1.2441060475995,24,14.929272571194,0.33,3.42857142857143,18
"Arun","E07000224","Lower Tier Local Authority",2020-09-11,1,160758,393,"11 September 2020","Complete",244.466838353301,0.622053023799749,17,10.5749014045957,-0.35,2.42857142857143,26
"Arun","E07000224","Lower Tier Local Authority",2020-09-12,3,160758,396,"12 September 2020","Complete",246.3329974247,1.86615907139925,17,10.5749014045957,-0.39,2.42857142857143,28
"Arun","E07000224","Lower Tier Local Authority",2020-09-13,0,160758,396,"13 September 2020","Complete",246.3329974247,0,14,8.70874233319648,-0.52,2,29
"Arun","E07000224","Lower Tier Local Authority",2020-09-14,7,160758,403,"14 September 2020","Complete",250.687368591299,4.35437116659824,17,10.5749014045957,-0.43,2.42857142857143,30
"Arun","E07000224","Lower Tier Local Authority",2020-09-15,2,160758,405,"15 September 2020","Complete",251.931474638898,1.2441060475995,18,11.1969544283955,-0.38,2.57142857142857,29
"Arun","E07000224","Lower Tier Local Authority",2020-09-16,1,160758,406,"16 September 2020","Complete",252.553527662698,0.622053023799749,16,9.95284838079598,-0.45,2.28571428571429,29
"Arun","E07000224","Lower Tier Local Authority",2020-09-17,1,160758,407,"17 September 2020","Complete",253.175580686498,0.622053023799749,15,9.33079535699623,-0.38,2.14285714285714,24
"Arun","E07000224","Lower Tier Local Authority",2020-09-18,4,160758,411,"18 September 2020","Complete",255.663792781697,2.48821209519899,18,11.1969544283955,0.06,2.57142857142857,17
"Arun","E07000224","Lower Tier Local Authority",2020-09-19,1,160758,412,"19 September 2020","Complete",256.285845805496,0.622053023799749,16,9.95284838079598,-0.06,2.28571428571429,17
"Arun","E07000224","Lower Tier Local Authority",2020-09-20,3,160758,415,"20 September 2020","Complete",258.152004876896,1.86615907139925,19,11.8190074521952,0.36,2.71428571428571,14
"Arun","E07000224","Lower Tier Local Authority",2020-09-21,2,160758,417,"21 September 2020","Complete",259.396110924495,1.2441060475995,14,8.70874233319648,-0.18,2,17
"Arun","E07000224","Lower Tier Local Authority",2020-09-22,3,160758,420,"22 September 2020","Complete",261.262269995894,1.86615907139925,15,9.33079535699623,-0.17,2.14285714285714,18
"Arun","E07000224","Lower Tier Local Authority",2020-09-23,4,160758,424,"23 September 2020","Complete",263.750482091093,2.48821209519899,18,11.1969544283955,0.12,2.57142857142857,16
"Arun","E07000224","Lower Tier Local Authority",2020-09-24,8,160758,432,"24 September 2020","Complete",268.726906281491,4.97642419039799,25,15.5513255949937,0.67,3.57142857142857,15
"Arun","E07000224","Lower Tier Local Authority",2020-09-25,3,160758,435,"25 September 2020","Complete",270.593065352891,1.86615907139925,24,14.929272571194,0.33,3.42857142857143,18
"Arun","E07000224","Lower Tier Local Authority",2020-09-26,3,160758,438,"26 September 2020","Complete",272.45922442429,1.86615907139925,26,16.1733786187935,0.62,3.71428571428571,16
"Arun","E07000224","Lower Tier Local Authority",2020-09-27,3,160758,441,"27 September 2020","Complete",274.325383495689,1.86615907139925,26,16.1733786187935,0.37,3.71428571428571,19
"Arun","E07000224","Lower Tier Local Authority",2020-09-28,7,160758,448,"28 September 2020","Complete",278.679754662287,4.35437116659824,31,19.2836437377922,1.21,4.42857142857143,14
"Arun","E07000224","Lower Tier Local Authority",2020-09-29,6,160758,454,"29 September 2020","Complete",282.412072805086,3.73231814279849,34,21.1498028091915,1.27,4.85714285714286,15
"Arun","E07000224","Lower Tier Local Authority",2020-09-30,9,160758,463,"30 September 2020","Complete",288.010550019284,5.59847721419774,39,24.2600679281902,1.17,5.57142857142857,18
"Arun","E07000224","Lower Tier Local Authority",2020-10-01,3,160758,466,"01 October 2020","Complete",289.876709090683,1.86615907139925,34,21.1498028091915,0.36,4.85714285714286,25
"Arun","E07000224","Lower Tier Local Authority",2020-10-02,3,160758,469,"02 October 2020","Complete",291.742868162082,1.86615907139925,34,21.1498028091915,0.42,4.85714285714286,24
"Arun","E07000224","Lower Tier Local Authority",2020-10-03,2,160758,471,"03 October 2020","Complete",292.986974209682,1.2441060475995,33,20.5277497853917,0.27,4.71428571428571,26
"Arun","E07000224","Lower Tier Local Authority",2020-10-04,3,160758,474,"04 October 2020","Complete",294.853133281081,1.86615907139925,33,20.5277497853917,0.27,4.71428571428571,26
"Arun","E07000224","Lower Tier Local Authority",2020-10-05,9,160758,483,"05 October 2020","Complete",300.451610495279,5.59847721419774,35,21.7718558329912,0.13,5,31
"Arun","E07000224","Lower Tier Local Authority",2020-10-06,0,160758,483,"06 October 2020","Complete",300.451610495279,0,29,18.0395376901927,-0.15,4.14285714285714,34
"Arun","E07000224","Lower Tier Local Authority",2020-10-07,3,160758,486,"07 October 2020","Complete",302.317769566678,1.86615907139925,23,14.3072195473942,-0.41,3.28571428571429,39
"Arun","E07000224","Lower Tier Local Authority",2020-10-08,4,160758,490,"08 October 2020","Complete",304.805981661877,2.48821209519899,24,14.929272571194,-0.29,3.42857142857143,34
"Arun","E07000224","Lower Tier Local Authority",2020-10-09,4,160758,494,"09 October 2020","Complete",307.294193757076,2.48821209519899,25,15.5513255949937,-0.26,3.57142857142857,34
"Arun","E07000224","Lower Tier Local Authority",2020-10-10,5,160758,499,"10 October 2020","Complete",310.404458876075,3.11026511899874,28,17.417484666393,-0.15,4,33
"Arun","E07000224","Lower Tier Local Authority",2020-10-11,1,160758,500,"11 October 2020","Complete",311.026511899874,0.622053023799749,26,16.1733786187935,-0.21,3.71428571428571,33
"Arun","E07000224","Lower Tier Local Authority",2020-10-12,7,160758,507,"12 October 2020","Complete",315.380883066473,4.35437116659824,24,14.929272571194,-0.31,3.42857142857143,35
"Arun","E07000224","Lower Tier Local Authority",2020-10-13,4,160758,511,"13 October 2020","Complete",317.869095161672,2.48821209519899,28,17.417484666393,-0.03,4,29
"Arun","E07000224","Lower Tier Local Authority",2020-10-14,17,160758,528,"14 October 2020","Complete",328.443996566267,10.5749014045957,42,26.1262269995894,0.83,6,23
"Arun","E07000224","Lower Tier Local Authority",2020-10-15,9,160758,537,"15 October 2020","Complete",334.042473780465,5.59847721419774,47,29.2364921185882,0.96,6.71428571428571,24
"Arun","E07000224","Lower Tier Local Authority",2020-10-16,13,160758,550,"16 October 2020","Complete",342.129163089862,8.08668930939673,56,34.8349693327859,1.24,8,25
"Arun","E07000224","Lower Tier Local Authority",2020-10-17,19,160758,569,"17 October 2020","Complete",353.948170542057,11.8190074521952,70,43.5437116659824,1.5,10,28
"Arun","E07000224","Lower Tier Local Authority",2020-10-18,4,160758,573,"18 October 2020","Complete",356.436382637256,2.48821209519899,73,45.4098707373817,1.81,10.4285714285714,26
"Arun","E07000224","Lower Tier Local Authority",2020-10-19,11,160758,584,"19 October 2020","Complete",363.278965899053,6.84258326179724,77,47.8980828325806,2.21,11,24
"Arun","E07000224","Lower Tier Local Authority",2020-10-20,16,160758,600,"20 October 2020","Complete",373.231814279849,9.95284838079598,89,55.3627191181776,2.18,12.7142857142857,28
"Arun","E07000224","Lower Tier Local Authority",2020-10-21,24,160758,624,"21 October 2020","Complete",388.161086851043,14.929272571194,96,59.7170902847759,1.29,13.7142857142857,42
"Arun","E07000224","Lower Tier Local Authority",2020-10-22,13,160758,637,"22 October 2020","Complete",396.24777616044,8.08668930939673,100,62.2053023799749,1.13,14.2857142857143,47
"Arun","E07000224","Lower Tier Local Authority",2020-10-23,7,160758,644,"23 October 2020","Complete",400.602147327038,4.35437116659824,94,58.4729842371764,0.68,13.4285714285714,56
"Arun","E07000224","Lower Tier Local Authority",2020-10-24,17,160758,661,"24 October 2020","Complete",411.177048731634,10.5749014045957,92,57.2288781895769,0.31,13.1428571428571,70
"Arun","E07000224","Lower Tier Local Authority",2020-10-25,15,160758,676,"25 October 2020","Complete",420.50784408863,9.33079535699623,103,64.0714614513741,0.41,14.7142857142857,73
"Arun","E07000224","Lower Tier Local Authority",2020-10-26,22,160758,698,"26 October 2020","Complete",434.193010612225,13.6851665235945,114,70.9140447131714,0.48,16.2857142857143,77
"Arun","E07000224","Lower Tier Local Authority",2020-10-27,21,160758,719,"27 October 2020","Complete",447.256124112019,13.0631134997947,119,74.0243098321701,0.34,17,89
"Arun","E07000224","Lower Tier Local Authority",2020-10-28,26,160758,745,"28 October 2020","Complete",463.429502730813,16.1733786187935,121,75.2684158797696,0.26,17.2857142857143,96
"Arun","E07000224","Lower Tier Local Authority",2020-10-29,21,160758,766,"29 October 2020","Complete",476.492616230607,13.0631134997947,129,80.2448400701676,0.29,18.4285714285714,100
"Arun","E07000224","Lower Tier Local Authority",2020-10-30,30,160758,796,"30 October 2020","Complete",495.1542069446,18.6615907139925,152,94.5520596175618,0.62,21.7142857142857,94
"Arun","E07000224","Lower Tier Local Authority",2020-10-31,16,160758,812,"31 October 2020","Complete",505.107055325396,9.95284838079598,151,93.930006593762,0.64,21.5714285714286,92
"Arun","E07000224","Lower Tier Local Authority",2020-11-01,7,160758,819,"01 November 2020","Complete",509.461426491994,4.35437116659824,143,88.9535824033641,0.39,20.4285714285714,103
"Arun","E07000224","Lower Tier Local Authority",2020-11-02,29,160758,848,"02 November 2020","Complete",527.500964182187,18.0395376901927,150,93.3079535699623,0.32,21.4285714285714,114
"Arun","E07000224","Lower Tier Local Authority",2020-11-03,29,160758,877,"03 November 2020","Complete",545.54050187238,18.0395376901927,158,98.2843777603603,0.33,22.5714285714286,119
"Arun","E07000224","Lower Tier Local Authority",2020-11-04,21,160758,898,"04 November 2020","Complete",558.603615372174,13.0631134997947,153,95.1741126413615,0.26,21.8571428571429,121
"Arun","E07000224","Lower Tier Local Authority",2020-11-05,15,160758,913,"05 November 2020","Complete",567.934410729171,9.33079535699623,147,91.4417944985631,0.14,21,129
"Arun","E07000224","Lower Tier Local Authority",2020-11-06,8,160758,921,"06 November 2020","Complete",572.910834919569,4.97642419039799,125,77.7566279749686,-0.18,17.8571428571429,152
"Arun","E07000224","Lower Tier Local Authority",2020-11-07,10,160758,931,"07 November 2020","Complete",579.131365157566,6.22053023799749,119,74.0243098321701,-0.21,17,151
"Arun","E07000224","Lower Tier Local Authority",2020-11-08,20,160758,951,"08 November 2020","Complete",591.572425633561,12.441060475995,132,82.1109991415668,-0.08,18.8571428571429,143
"Arun","E07000224","Lower Tier Local Authority",2020-11-09,26,160758,977,"09 November 2020","Complete",607.745804252354,16.1733786187935,129,80.2448400701676,-0.14,18.4285714285714,150
"Arun","E07000224","Lower Tier Local Authority",2020-11-10,41,160758,1018,"10 November 2020","Complete",633.249978228144,25.5041739757897,141,87.7094763557646,-0.11,20.1428571428571,158
"Arun","E07000224","Lower Tier Local Authority",2020-11-11,23,160758,1041,"11 November 2020","Complete",647.557197775538,14.3072195473942,143,88.9535824033641,-0.07,20.4285714285714,153
"Arun","E07000224","Lower Tier Local Authority",2020-11-12,22,160758,1063,"12 November 2020","Complete",661.242364299133,13.6851665235945,150,93.3079535699623,0.02,21.4285714285714,147
"Arun","E07000224","Lower Tier Local Authority",2020-11-13,26,160758,1089,"13 November 2020","Complete",677.415742917926,16.1733786187935,168,104.504907998358,0.34,24,125
"Arun","E07000224","Lower Tier Local Authority",2020-11-14,27,160758,1116,"14 November 2020","Complete",694.21117456052,16.7954316425932,185,115.079809402954,0.55,26.4285714285714,119
"Arun","E07000224","Lower Tier Local Authority",2020-11-15,16,160758,1132,"15 November 2020","Complete",704.164022941315,9.95284838079598,181,112.591597307755,0.37,25.8571428571429,132
"Arun","E07000224","Lower Tier Local Authority",2020-11-16,67,160758,1199,"16 November 2020","Complete",745.841575535899,41.6775525945832,222,138.095771283544,0.72,31.7142857142857,129
"Arun","E07000224","Lower Tier Local Authority",2020-11-17,18,160758,1217,"17 November 2020","Complete",757.038529964294,11.1969544283955,199,123.78855173615,0.41,28.4285714285714,141
"Arun","E07000224","Lower Tier Local Authority",2020-11-18,14,160758,1231,"18 November 2020","Complete",765.747272297491,8.70874233319648,190,118.190074521952,0.33,27.1428571428571,143
"Arun","E07000224","Lower Tier Local Authority",2020-11-19,15,160758,1246,"19 November 2020","Complete",775.078067654487,9.33079535699623,183,113.835703355354,0.22,26.1428571428571,150
"Arun","E07000224","Lower Tier Local Authority",2020-11-20,12,160758,1258,"20 November 2020","Complete",782.542703940084,7.46463628559698,169,105.126961022158,0.01,24.1428571428571,168
"Arun","E07000224","Lower Tier Local Authority",2020-11-21,5,160758,1263,"21 November 2020","Complete",785.652969059083,3.11026511899874,147,91.4417944985631,-0.21,21,185
"Arun","E07000224","Lower Tier Local Authority",2020-11-22,15,160758,1278,"22 November 2020","Complete",794.983764416079,9.33079535699623,146,90.8197414747633,-0.19,20.8571428571429,181
"Arun","E07000224","Lower Tier Local Authority",2020-11-23,17,160758,1295,"23 November 2020","Complete",805.558665820675,10.5749014045957,96,59.7170902847759,-0.57,13.7142857142857,222
"Arun","E07000224","Lower Tier Local Authority",2020-11-24,9,160758,1304,"24 November 2020","Complete",811.157143034872,5.59847721419774,87,54.1186130705781,-0.56,12.4285714285714,199
"Arun","E07000224","Lower Tier Local Authority",2020-11-25,15,160758,1319,"25 November 2020","Complete",820.487938391869,9.33079535699623,88,54.7406660943779,-0.54,12.5714285714286,190
"Arun","E07000224","Lower Tier Local Authority",2020-11-26,13,160758,1332,"26 November 2020","Complete",828.574627701265,8.08668930939673,86,53.4965600467784,-0.53,12.2857142857143,183
"Arun","E07000224","Lower Tier Local Authority",2020-11-27,14,160758,1346,"27 November 2020","Complete",837.283370034462,8.70874233319648,88,54.7406660943779,-0.48,12.5714285714286,169
"Arun","E07000224","Lower Tier Local Authority",2020-11-28,20,160758,1366,"28 November 2020","Complete",849.724430510457,12.441060475995,103,64.0714614513741,-0.3,14.7142857142857,147
"Arun","E07000224","Lower Tier Local Authority",2020-11-29,7,160758,1373,"29 November 2020","Complete",854.078801677055,4.35437116659824,95,59.0950372609761,-0.35,13.5714285714286,146
"Arun","E07000224","Lower Tier Local Authority",2020-11-30,18,160758,1391,"30 November 2020","Complete",865.27575610545,11.1969544283955,96,59.7170902847759,0,13.7142857142857,96
"Arun","E07000224","Lower Tier Local Authority",2020-12-01,18,160758,1409,"01 December 2020","Complete",876.472710533846,11.1969544283955,105,65.3155674989736,0.21,15,87
"Arun","E07000224","Lower Tier Local Authority",2020-12-02,14,160758,1423,"02 December 2020","Complete",885.181452867042,8.70874233319648,104,64.6935144751739,0.18,14.8571428571429,88
"Arun","E07000224","Lower Tier Local Authority",2020-12-03,14,160758,1437,"03 December 2020","Complete",893.890195200239,8.70874233319648,105,65.3155674989736,0.22,15,86
"Arun","E07000224","Lower Tier Local Authority",2020-12-04,16,160758,1453,"04 December 2020","Complete",903.843043581035,9.95284838079598,107,66.5596735465731,0.22,15.2857142857143,88
"Arun","E07000224","Lower Tier Local Authority",2020-12-05,12,160758,1465,"05 December 2020","Complete",911.307679866632,7.46463628559698,99,61.5832493561751,-0.04,14.1428571428571,103
"Arun","E07000224","Lower Tier Local Authority",2020-12-06,16,160758,1481,"06 December 2020","Complete",921.260528247428,9.95284838079598,108,67.1817265703729,0.14,15.4285714285714,95
"Arun","E07000224","Lower Tier Local Authority",2020-12-07,38,160758,1519,"07 December 2020","Complete",944.898543151818,23.6380149043905,128,79.6227870463678,0.33,18.2857142857143,96
"Arun","E07000224","Lower Tier Local Authority",2020-12-08,22,160758,1541,"08 December 2020","Complete",958.583709675413,13.6851665235945,132,82.1109991415668,0.26,18.8571428571429,105
"Arun","E07000224","Lower Tier Local Authority",2020-12-09,27,160758,1568,"09 December 2020","Complete",975.379141318006,16.7954316425932,145,90.1976884509636,0.39,20.7142857142857,104
"Arun","E07000224","Lower Tier Local Authority",2020-12-10,33,160758,1601,"10 December 2020","Complete",995.906891103398,20.5277497853917,164,102.016695903159,0.56,23.4285714285714,105
"Arun","E07000224","Lower Tier Local Authority",2020-12-11,31,160758,1632,"11 December 2020","Complete",1015.19053484119,19.2836437377922,179,111.347491260155,0.67,25.5714285714286,107
"Arun","E07000224","Lower Tier Local Authority",2020-12-12,28,160758,1660,"12 December 2020","Complete",1032.60801950758,17.417484666393,195,121.300339640951,0.97,27.8571428571429,99
"Arun","E07000224","Lower Tier Local Authority",2020-12-13,41,160758,1701,"13 December 2020","Complete",1058.11219348337,25.5041739757897,220,136.851665235945,1.04,31.4285714285714,108
"Arun","E07000224","Lower Tier Local Authority",2020-12-14,76,160758,1777,"14 December 2020","Complete",1105.38822329215,47.2760298087809,258,160.489680140335,1.02,36.8571428571429,128
"Arun","E07000224","Lower Tier Local Authority",2020-12-15,57,160758,1834,"15 December 2020","Complete",1140.84524564874,35.4570223565857,293,182.261535973326,1.22,41.8571428571429,132
"Arun","E07000224","Lower Tier Local Authority",2020-12-16,55,160758,1889,"16 December 2020","Complete",1175.05816195773,34.2129163089862,321,199.679020639719,1.21,45.8571428571429,145
"Arun","E07000224","Lower Tier Local Authority",2020-12-17,53,160758,1942,"17 December 2020","Complete",1208.02697221911,32.9688102613867,341,212.120081115714,1.08,48.7142857142857,164
"Arun","E07000224","Lower Tier Local Authority",2020-12-18,58,160758,2000,"18 December 2020","Complete",1244.1060475995,36.0790753803854,368,228.915512758308,1.06,52.5714285714286,179
"Arun","E07000224","Lower Tier Local Authority",2020-12-19,31,160758,2031,"19 December 2020","Complete",1263.38969133729,19.2836437377922,371,230.781671829707,0.9,53,195
"Arun","E07000224","Lower Tier Local Authority",2020-12-20,72,160758,2103,"20 December 2020","Complete",1308.17750905087,44.7878177135819,402,250.065315567499,0.83,57.4285714285714,220
"Arun","E07000224","Lower Tier Local Authority",2020-12-21,100,160758,2203,"21 December 2020","Complete",1370.38281143085,62.2053023799749,426,264.994588138693,0.65,60.8571428571429,258
"Arun","E07000224","Lower Tier Local Authority",2020-12-22,94,160758,2297,"22 December 2020","Complete",1428.85579566802,58.4729842371764,463,288.010550019284,0.58,66.1428571428571,293
"Arun","E07000224","Lower Tier Local Authority",2020-12-23,87,160758,2384,"23 December 2020","Complete",1482.9744087386,54.1186130705781,495,307.916246780876,0.54,70.7142857142857,321
"Arun","E07000224","Lower Tier Local Authority",2020-12-24,82,160758,2466,"24 December 2020","Complete",1533.98275669018,51.0083479515794,524,325.955784471068,0.54,74.8571428571429,341
"Arun","E07000224","Lower Tier Local Authority",2020-12-25,25,160758,2491,"25 December 2020","Complete",1549.53408228517,15.5513255949937,491,305.428034685677,0.33,70.1428571428571,368
"Arun","E07000224","Lower Tier Local Authority",2020-12-26,104,160758,2595,"26 December 2020","Complete",1614.22759676035,64.6935144751739,564,350.837905423058,0.52,80.5714285714286,371
"Arun","E07000224","Lower Tier Local Authority",2020-12-27,147,160758,2742,"27 December 2020","Complete",1705.66939125891,91.4417944985631,639,397.491882208039,0.59,91.2857142857143,402
"Arun","E07000224","Lower Tier Local Authority",2020-12-28,171,160758,2913,"28 December 2020","Complete",1812.04045832867,106.371067069757,710,441.657646897822,0.67,101.428571428571,426
"Arun","E07000224","Lower Tier Local Authority",2020-12-29,323,160758,3236,"29 December 2020","Complete",2012.96358501599,200.923126687319,939,584.107789347964,1.03,134.142857142857,463
"Arun","E07000224","Lower Tier Local Authority",2020-12-30,173,160758,3409,"30 December 2020","Complete",2120.57875813334,107.615173117357,1025,637.604349394742,1.07,146.428571428571,495
"Arun","E07000224","Lower Tier Local Authority",2020-12-31,171,160758,3580,"31 December 2020","Complete",2226.9498252031,106.371067069757,1114,692.96706851292,1.13,159.142857142857,524
"Arun","E07000224","Lower Tier Local Authority",2021-01-01,83,160758,3663,"01 January 2021","Complete",2278.58022617848,51.6304009753791,1172,729.046143893305,1.39,167.428571428571,491
"Arun","E07000224","Lower Tier Local Authority",2021-01-02,145,160758,3808,"02 January 2021","Complete",2368.77791462944,90.1976884509636,1213,754.550317869095,1.15,173.285714285714,564
"Arun","E07000224","Lower Tier Local Authority",2021-01-03,145,160758,3953,"03 January 2021","Complete",2458.97560308041,90.1976884509636,1211,753.306211821496,0.9,173,639
"Arun","E07000224","Lower Tier Local Authority",2021-01-04,208,160758,4161,"04 January 2021","Complete",2588.36263203075,129.387028950348,1248,776.322173702086,0.76,178.285714285714,710
"Arun","E07000224","Lower Tier Local Authority",2021-01-05,153,160758,4314,"05 January 2021","Complete",2683.53674467212,95.1741126413615,1078,670.573159656129,0.15,154,939
"Arun","E07000224","Lower Tier Local Authority",2021-01-06,141,160758,4455,"06 January 2021","Complete",2771.24622102788,87.7094763557646,1046,650.667462894537,0.02,149.428571428571,1025
"Arun","E07000224","Lower Tier Local Authority",2021-01-07,143,160758,4598,"07 January 2021","Complete",2860.19980343124,88.9535824033641,1018,633.249978228144,-0.09,145.428571428571,1114
"Arun","E07000224","Lower Tier Local Authority",2021-01-08,115,160758,4713,"08 January 2021","Complete",2931.73590116822,71.5360977369711,1050,653.155674989736,-0.1,150,1172
"Arun","E07000224","Lower Tier Local Authority",2021-01-09,101,160758,4814,"09 January 2021","Complete",2994.56325657199,62.8273554037746,1006,625.785341942547,-0.17,143.714285714286,1213
"Arun","E07000224","Lower Tier Local Authority",2021-01-10,118,160758,4932,"10 January 2021","Complete",3067.96551338036,73.4022568083703,979,608.989910299954,-0.19,139.857142857143,1211
"Arun","E07000224","Lower Tier Local Authority",2021-01-11,199,160758,5131,"11 January 2021","Complete",3191.75406511651,123.78855173615,970,603.391433085756,-0.22,138.571428571429,1248
"Arun","E07000224","Lower Tier Local Authority",2021-01-12,159,160758,5290,"12 January 2021","Complete",3290.66049590067,98.9064307841601,976,607.123751228555,-0.09,139.428571428571,1078
"Arun","E07000224","Lower Tier Local Authority",2021-01-13,105,160758,5395,"13 January 2021","Complete",3355.97606339964,65.3155674989736,940,584.729842371764,-0.1,134.285714285714,1046
"Arun","E07000224","Lower Tier Local Authority",2021-01-14,162,160758,5557,"14 January 2021","Complete",3456.7486532552,100.772589855559,959,596.548849823959,-0.06,137,1018
"Arun","E07000224","Lower Tier Local Authority",2021-01-15,117,160758,5674,"15 January 2021","Complete",3529.52885703977,72.7802037845706,961,597.792955871559,-0.08,137.285714285714,1050
"Arun","E07000224","Lower Tier Local Authority",2021-01-16,72,160758,5746,"16 January 2021","Complete",3574.31667475336,44.7878177135819,932,579.753418181366,-0.07,133.142857142857,1006
"Arun","E07000224","Lower Tier Local Authority",2021-01-17,107,160758,5853,"17 January 2021","Complete",3640.87634829993,66.5596735465731,921,572.910834919569,-0.06,131.571428571429,979
"Arun","E07000224","Lower Tier Local Authority",2021-01-18,134,160758,5987,"18 January 2021","Complete",3724.2314534891,83.3551051891663,856,532.477388372585,-0.12,122.285714285714,970
"Arun","E07000224","Lower Tier Local Authority",2021-01-19,94,160758,6081,"19 January 2021","Complete",3782.70443772627,58.4729842371764,791,492.043941825601,-0.19,113,976
"Arun","E07000224","Lower Tier Local Authority",2021-01-20,94,160758,6175,"20 January 2021","Complete",3841.17742196345,58.4729842371764,780,485.201358563804,-0.17,111.428571428571,940
"Arun","E07000224","Lower Tier Local Authority",2021-01-21,82,160758,6257,"21 January 2021","Complete",3892.18576991503,51.0083479515794,700,435.437116659824,-0.27,100,959
"Arun","E07000224","Lower Tier Local Authority",2021-01-22,93,160758,6350,"22 January 2021","Complete",3950.0367011284,57.8509312133766,676,420.50784408863,-0.3,96.5714285714286,961
"Arun","E07000224","Lower Tier Local Authority",2021-01-23,58,160758,6408,"23 January 2021","Complete",3986.11577650879,36.0790753803854,662,411.799101755434,-0.29,94.5714285714286,932
"Arun","E07000224","Lower Tier Local Authority",2021-01-24,47,160758,6455,"24 January 2021","Complete",4015.35226862738,29.2364921185882,602,374.475920327449,-0.35,86,921
"Arun","E07000224","Lower Tier Local Authority",2021-01-25,105,160758,6560,"25 January 2021","Complete",4080.66783612635,65.3155674989736,573,356.436382637256,-0.33,81.8571428571429,856
"Arun","E07000224","Lower Tier Local Authority",2021-01-26,69,160758,6629,"26 January 2021","Complete",4123.58949476853,42.9216586421827,548,340.885057042262,-0.31,78.2857142857143,791
"Arun","E07000224","Lower Tier Local Authority",2021-01-27,96,160758,6725,"27 January 2021","Complete",4183.30658505331,59.7170902847759,550,342.129163089862,-0.29,78.5714285714286,780
"Arun","E07000224","Lower Tier Local Authority",2021-01-28,86,160758,6811,"28 January 2021","Complete",4236.80314510009,53.4965600467784,554,344.617375185061,-0.21,79.1428571428571,700
"Arun","E07000224","Lower Tier Local Authority",2021-01-29,75,160758,6886,"29 January 2021","Complete",4283.45712188507,46.6539767849812,536,333.420420756665,-0.21,76.5714285714286,676
"Arun","E07000224","Lower Tier Local Authority",2021-01-30,49,160758,6935,"30 January 2021","Complete",4313.93772005126,30.4805981661877,527,327.821943542468,-0.2,75.2857142857143,662
"Arun","E07000224","Lower Tier Local Authority",2021-01-31,38,160758,6973,"31 January 2021","Complete",4337.57573495565,23.6380149043905,518,322.22346632827,-0.14,74,602
"Arun","E07000224","Lower Tier Local Authority",2021-02-01,72,160758,7045,"01 February 2021","Complete",4382.36355266923,44.7878177135819,485,301.695716542878,-0.15,69.2857142857143,573
"Arun","E07000224","Lower Tier Local Authority",2021-02-02,47,160758,7092,"02 February 2021","Complete",4411.60004478782,29.2364921185882,463,288.010550019284,-0.16,66.1428571428571,548
"Arun","E07000224","Lower Tier Local Authority",2021-02-03,53,160758,7145,"03 February 2021","Complete",4444.5688550492,32.9688102613867,420,261.262269995894,-0.24,60,550
"Arun","E07000224","Lower Tier Local Authority",2021-02-04,42,160758,7187,"04 February 2021","Complete",4470.69508204879,26.1262269995894,376,233.891936948706,-0.32,53.7142857142857,554
"Arun","E07000224","Lower Tier Local Authority",2021-02-05,43,160758,7230,"05 February 2021","Complete",4497.44336207218,26.7482800233892,344,213.986240187114,-0.36,49.1428571428571,536
"Arun","E07000224","Lower Tier Local Authority",2021-02-06,35,160758,7265,"06 February 2021","Complete",4519.21521790517,21.7718558329912,330,205.277497853917,-0.37,47.1428571428571,527
"Arun","E07000224","Lower Tier Local Authority",2021-02-07,37,160758,7302,"07 February 2021","Complete",4542.23117978576,23.0159618805907,329,204.655444830117,-0.36,47,518
"Arun","E07000224","Lower Tier Local Authority",2021-02-08,30,160758,7332,"08 February 2021","Complete",4560.89277049976,18.6615907139925,287,178.529217830528,-0.41,41,485
"Arun","E07000224","Lower Tier Local Authority",2021-02-09,42,160758,7374,"09 February 2021","Complete",4587.01899749935,26.1262269995894,282,175.418952711529,-0.39,40.2857142857143,463
"Arun","E07000224","Lower Tier Local Authority",2021-02-10,33,160758,7407,"10 February 2021","Complete",4607.54674728474,20.5277497853917,262,162.977892235534,-0.38,37.4285714285714,420
"Arun","E07000224","Lower Tier Local Authority",2021-02-11,28,160758,7435,"11 February 2021","Complete",4624.96423195113,17.417484666393,248,154.269149902338,-0.34,35.4285714285714,376
"Arun","E07000224","Lower Tier Local Authority",2021-02-12,37,160758,7472,"12 February 2021","Complete",4647.98019383172,23.0159618805907,242,150.536831759539,-0.3,34.5714285714286,344
"Arun","E07000224","Lower Tier Local Authority",2021-02-13,25,160758,7497,"13 February 2021","Complete",4663.53151942672,15.5513255949937,232,144.316301521542,-0.3,33.1428571428571,330
"Arun","E07000224","Lower Tier Local Authority",2021-02-14,20,160758,7517,"14 February 2021","Complete",4675.97257990271,12.441060475995,215,133.741400116946,-0.35,30.7142857142857,329
"Arun","E07000224","Lower Tier Local Authority",2021-02-15,36,160758,7553,"15 February 2021","Complete",4698.3664887595,22.393908856791,221,137.473718259744,-0.23,31.5714285714286,287
"Arun","E07000224","Lower Tier Local Authority",2021-02-16,30,160758,7583,"16 February 2021","Complete",4717.02807947349,18.6615907139925,209,130.009081974147,-0.26,29.8571428571429,282
"Arun","E07000224","Lower Tier Local Authority",2021-02-17,38,160758,7621,"17 February 2021","Complete",4740.66609437789,23.6380149043905,214,133.119347093146,-0.18,30.5714285714286,262
"Arun","E07000224","Lower Tier Local Authority",2021-02-18,36,160758,7657,"18 February 2021","Complete",4763.06000323468,22.393908856791,222,138.095771283544,-0.1,31.7142857142857,248
"Arun","E07000224","Lower Tier Local Authority",2021-02-19,26,160758,7683,"19 February 2021","Complete",4779.23338185347,16.1733786187935,211,131.253188021747,-0.13,30.1428571428571,242
"Arun","E07000224","Lower Tier Local Authority",2021-02-20,24,160758,7707,"20 February 2021","Complete",4794.16265442466,14.929272571194,210,130.631134997947,-0.09,30,232
"Arun","E07000224","Lower Tier Local Authority",2021-02-21,22,160758,7729,"21 February 2021","Complete",4807.84782094826,13.6851665235945,212,131.875241045547,-0.01,30.2857142857143,215
"Arun","E07000224","Lower Tier Local Authority",2021-02-22,30,160758,7759,"22 February 2021","Complete",4826.50941166225,18.6615907139925,206,128.142922902748,-0.07,29.4285714285714,221
"Arun","E07000224","Lower Tier Local Authority",2021-02-23,16,160758,7775,"23 February 2021","Complete",4836.46226004305,9.95284838079598,192,119.434180569552,-0.08,27.4285714285714,209
"Arun","E07000224","Lower Tier Local Authority",2021-02-24,22,160758,7797,"24 February 2021","Complete",4850.14742656664,13.6851665235945,176,109.481332188756,-0.18,25.1428571428571,214
"Arun","E07000224","Lower Tier Local Authority",2021-02-25,18,160758,7815,"25 February 2021","Complete",4861.34438099504,11.1969544283955,158,98.2843777603603,-0.29,22.5714285714286,222
"Arun","E07000224","Lower Tier Local Authority",2021-02-26,8,160758,7823,"26 February 2021","Complete",4866.32080518543,4.97642419039799,140,87.0874233319648,-0.34,20,211
"Arun","E07000224","Lower Tier Local Authority",2021-02-27,18,160758,7841,"27 February 2021","Complete",4877.51775961383,11.1969544283955,134,83.3551051891663,-0.36,19.1428571428571,210
"Arun","E07000224","Lower Tier Local Authority",2021-02-28,8,160758,7849,"28 February 2021","Complete",4882.49418380423,4.97642419039799,120,74.6463628559698,-0.43,17.1428571428571,212
"Arun","E07000224","Lower Tier Local Authority",2021-03-01,14,160758,7863,"01 March 2021","Complete",4891.20292613742,8.70874233319648,104,64.6935144751739,-0.5,14.8571428571429,206
"Arun","E07000224","Lower Tier Local Authority",2021-03-02,27,160758,7890,"02 March 2021","Complete",4907.99835778002,16.7954316425932,115,71.5360977369711,-0.4,16.4285714285714,192
"Arun","E07000224","Lower Tier Local Authority",2021-03-03,15,160758,7905,"03 March 2021","Complete",4917.32915313701,9.33079535699623,108,67.1817265703729,-0.39,15.4285714285714,176
"Arun","E07000224","Lower Tier Local Authority",2021-03-04,17,160758,7922,"04 March 2021","Complete",4927.90405454161,10.5749014045957,107,66.5596735465731,-0.32,15.2857142857143,158
"Arun","E07000224","Lower Tier Local Authority",2021-03-05,16,160758,7938,"05 March 2021","Complete",4937.85690292241,9.95284838079598,115,71.5360977369711,-0.18,16.4285714285714,140
"Arun","E07000224","Lower Tier Local Authority",2021-03-06,8,160758,7946,"06 March 2021","Complete",4942.8333271128,4.97642419039799,105,65.3155674989736,-0.22,15,134
"Arun","E07000224","Lower Tier Local Authority",2021-03-07,11,160758,7957,"07 March 2021","Complete",4949.6759103746,6.84258326179724,108,67.1817265703729,-0.1,15.4285714285714,120
"Arun","E07000224","Lower Tier Local Authority",2021-03-08,15,160758,7972,"08 March 2021","Complete",4959.0067057316,9.33079535699623,109,67.8037795941726,0.05,15.5714285714286,104
"Arun","E07000224","Lower Tier Local Authority",2021-03-09,15,160758,7987,"09 March 2021","Complete",4968.33750108859,9.33079535699623,97,60.3391433085756,-0.16,13.8571428571429,115
"Arun","E07000224","Lower Tier Local Authority",2021-03-10,6,160758,7993,"10 March 2021","Complete",4972.06981923139,3.73231814279849,88,54.7406660943779,-0.19,12.5714285714286,108
"Arun","E07000224","Lower Tier Local Authority",2021-03-11,11,160758,8004,"11 March 2021","Complete",4978.91240249319,6.84258326179724,82,51.0083479515794,-0.23,11.7142857142857,107
"Arun","E07000224","Lower Tier Local Authority",2021-03-12,8,160758,8012,"12 March 2021","Complete",4983.88882668359,4.97642419039799,74,46.0319237611814,-0.36,10.5714285714286,115
"Arun","E07000224","Lower Tier Local Authority",2021-03-13,5,160758,8017,"13 March 2021","Complete",4986.99909180259,3.11026511899874,71,44.1657646897822,-0.32,10.1428571428571,105
"Arun","E07000224","Lower Tier Local Authority",2021-03-14,8,160758,8025,"14 March 2021","Complete",4991.97551599298,4.97642419039799,68,42.2996056183829,-0.37,9.71428571428571,108
"Arun","E07000224","Lower Tier Local Authority",2021-03-15,15,160758,8040,"15 March 2021","Complete",5001.30631134998,9.33079535699623,68,42.2996056183829,-0.38,9.71428571428571,109
"Arun","E07000224","Lower Tier Local Authority",2021-03-16,10,160758,8050,"16 March 2021","Complete",5007.52684158798,6.22053023799749,63,39.1893404993842,-0.35,9,97
"Arun","E07000224","Lower Tier Local Authority",2021-03-17,9,160758,8059,"17 March 2021","Complete",5013.12531880217,5.59847721419774,66,41.0554995707834,-0.25,9.42857142857143,88
"Arun","E07000224","Lower Tier Local Authority",2021-03-18,8,160758,8067,"18 March 2021","Complete",5018.10174299257,4.97642419039799,63,39.1893404993842,-0.23,9,82
"Arun","E07000224","Lower Tier Local Authority",2021-03-19,2,160758,8069,"19 March 2021","Complete",5019.34584904017,1.2441060475995,57,35.4570223565857,-0.23,8.14285714285714,74
"Arun","E07000224","Lower Tier Local Authority",2021-03-20,6,160758,8075,"20 March 2021","Complete",5023.07816718297,3.73231814279849,58,36.0790753803854,-0.18,8.28571428571429,71
"Arun","E07000224","Lower Tier Local Authority",2021-03-21,10,160758,8085,"21 March 2021","Complete",5029.29869742097,6.22053023799749,60,37.3231814279849,-0.12,8.57142857142857,68
"Arun","E07000224","Lower Tier Local Authority",2021-03-22,10,160758,8095,"22 March 2021","Complete",5035.51922765897,6.22053023799749,55,34.2129163089862,-0.19,7.85714285714286,68
"Arun","E07000224","Lower Tier Local Authority",2021-03-23,1,160758,8096,"23 March 2021","Complete",5036.14128068277,0.622053023799749,46,28.6144390947884,-0.27,6.57142857142857,63
"Arun","E07000224","Lower Tier Local Authority",2021-03-24,10,160758,8106,"24 March 2021","Complete",5042.36181092076,6.22053023799749,47,29.2364921185882,-0.29,6.71428571428571,66
"Arun","E07000224","Lower Tier Local Authority",2021-03-25,8,160758,8114,"25 March 2021","Complete",5047.33823511116,4.97642419039799,47,29.2364921185882,-0.25,6.71428571428571,63
"Arun","E07000224","Lower Tier Local Authority",2021-03-26,3,160758,8117,"26 March 2021","Complete",5049.20439418256,1.86615907139925,48,29.8585451423879,-0.16,6.85714285714286,57
"Arun","E07000224","Lower Tier Local Authority",2021-03-27,6,160758,8123,"27 March 2021","Complete",5052.93671232536,3.73231814279849,48,29.8585451423879,-0.17,6.85714285714286,58
"Arun","E07000224","Lower Tier Local Authority",2021-03-28,3,160758,8126,"28 March 2021","Complete",5054.80287139676,1.86615907139925,41,25.5041739757897,-0.32,5.85714285714286,60
"Arun","E07000224","Lower Tier Local Authority",2021-03-29,7,160758,8133,"29 March 2021","Complete",5059.15724256336,4.35437116659824,38,23.6380149043905,-0.31,5.42857142857143,55
"Arun","E07000224","Lower Tier Local Authority",2021-03-30,8,160758,8141,"30 March 2021","Complete",5064.13366675375,4.97642419039799,45,27.9923860709887,-0.02,6.42857142857143,46
"Arun","E07000224","Lower Tier Local Authority",2021-03-31,2,160758,8143,"31 March 2021","Complete",5065.37777280135,1.2441060475995,37,23.0159618805907,-0.21,5.28571428571429,47
"Arun","E07000224","Lower Tier Local Authority",2021-04-01,9,160758,8152,"01 April 2021","Complete",5070.97625001555,5.59847721419774,38,23.6380149043905,-0.19,5.42857142857143,47
"Arun","E07000224","Lower Tier Local Authority",2021-04-02,0,160758,8152,"02 April 2021","Complete",5070.97625001555,0,35,21.7718558329912,-0.27,5,48
"Arun","E07000224","Lower Tier Local Authority",2021-04-03,3,160758,8155,"03 April 2021","Complete",5072.84240908695,1.86615907139925,32,19.905696761592,-0.33,4.57142857142857,48
"Arun","E07000224","Lower Tier Local Authority",2021-04-04,2,160758,8157,"04 April 2021","Complete",5074.08651513455,1.2441060475995,31,19.2836437377922,-0.24,4.42857142857143,41
"Arun","E07000224","Lower Tier Local Authority",2021-04-05,4,160758,8161,"05 April 2021","Complete",5076.57472722975,2.48821209519899,28,17.417484666393,-0.26,4,38
"Arun","E07000224","Lower Tier Local Authority",2021-04-06,6,160758,8167,"06 April 2021","Complete",5080.30704537255,3.73231814279849,26,16.1733786187935,-0.42,3.71428571428571,45
"Arun","E07000224","Lower Tier Local Authority",2021-04-07,16,160758,8183,"07 April 2021","Complete",5090.25989375334,9.95284838079598,40,24.8821209519899,0.08,5.71428571428571,37
"Arun","E07000224","Lower Tier Local Authority",2021-04-08,8,160758,8191,"08 April 2021","Complete",5095.23631794374,4.97642419039799,39,24.2600679281902,0.03,5.57142857142857,38
"Arun","E07000224","Lower Tier Local Authority",2021-04-09,4,160758,8195,"09 April 2021","Complete",5097.72453003894,2.48821209519899,43,26.7482800233892,0.23,6.14285714285714,35
"Arun","E07000224","Lower Tier Local Authority",2021-04-10,2,160758,8197,"10 April 2021","Complete",5098.96863608654,1.2441060475995,42,26.1262269995894,0.31,6,32
"Arun","E07000224","Lower Tier Local Authority",2021-04-11,4,160758,8201,"11 April 2021","Complete",5101.45684818174,2.48821209519899,44,27.3703330471889,0.42,6.28571428571429,31
"Arun","E07000224","Lower Tier Local Authority",2021-04-12,7,160758,8208,"12 April 2021","Complete",5105.81121934834,4.35437116659824,47,29.2364921185882,0.68,6.71428571428571,28
"Arun","E07000224","Lower Tier Local Authority",2021-04-13,5,160758,8213,"13 April 2021","Complete",5108.92148446734,3.11026511899874,46,28.6144390947884,0.77,6.57142857142857,26
"Arun","E07000224","Lower Tier Local Authority",2021-04-14,5,160758,8218,"14 April 2021","Complete",5112.03174958633,3.11026511899874,35,21.7718558329912,-0.12,5,40
"Arun","E07000224","Lower Tier Local Authority",2021-04-15,0,160758,8218,"15 April 2021","Complete",5112.03174958633,0,27,16.7954316425932,-0.31,3.85714285714286,39
"Arun","E07000224","Lower Tier Local Authority",2021-04-16,4,160758,8222,"16 April 2021","Complete",5114.51996168153,2.48821209519899,27,16.7954316425932,-0.37,3.85714285714286,43
"Arun","E07000224","Lower Tier Local Authority",2021-04-17,3,160758,8225,"17 April 2021","Complete",5116.38612075293,1.86615907139925,28,17.417484666393,-0.33,4,42
"Arun","E07000224","Lower Tier Local Authority",2021-04-18,3,160758,8228,"18 April 2021","Complete",5118.25227982433,1.86615907139925,27,16.7954316425932,-0.39,3.85714285714286,44
"Arun","E07000224","Lower Tier Local Authority",2021-04-19,3,160758,8231,"19 April 2021","Complete",5120.11843889573,1.86615907139925,23,14.3072195473942,-0.51,3.28571428571429,47
"Arun","E07000224","Lower Tier Local Authority",2021-04-20,2,160758,8233,"20 April 2021","Complete",5121.36254494333,1.2441060475995,20,12.441060475995,-0.57,2.85714285714286,46
"Arun","E07000224","Lower Tier Local Authority",2021-04-21,5,160758,8238,"21 April 2021","Complete",5124.47281006233,3.11026511899874,20,12.441060475995,-0.43,2.85714285714286,35
"Arun","E07000224","Lower Tier Local Authority",2021-04-22,3,160758,8241,"22 April 2021","Complete",5126.33896913373,1.86615907139925,23,14.3072195473942,-0.15,3.28571428571429,27
"Arun","E07000224","Lower Tier Local Authority",2021-04-23,4,160758,8245,"23 April 2021","Complete",5128.82718122893,2.48821209519899,23,14.3072195473942,-0.15,3.28571428571429,27
"Arun","E07000224","Lower Tier Local Authority",2021-04-24,2,160758,8247,"24 April 2021","Complete",5130.07128727653,1.2441060475995,22,13.6851665235945,-0.21,3.14285714285714,28
"Arun","E07000224","Lower Tier Local Authority",2021-04-25,7,160758,8254,"25 April 2021","Complete",5134.42565844313,4.35437116659824,26,16.1733786187935,-0.04,3.71428571428571,27
"Arun","E07000224","Lower Tier Local Authority",2021-04-26,5,160758,8259,"26 April 2021","Complete",5137.53592356212,3.11026511899874,28,17.417484666393,0.22,4,23
"Arun","E07000224","Lower Tier Local Authority",2021-04-27,9,160758,8268,"27 April 2021","Complete",5143.13440077632,5.59847721419774,35,21.7718558329912,0.75,5,20
"Arun","E07000224","Lower Tier Local Authority",2021-04-28,4,160758,8272,"28 April 2021","Complete",5145.62261287152,2.48821209519899,34,21.1498028091915,0.7,4.85714285714286,20
"Arun","E07000224","Lower Tier Local Authority",2021-04-29,5,160758,8277,"29 April 2021","Complete",5148.73287799052,3.11026511899874,36,22.393908856791,0.57,5.14285714285714,23
"Arun","E07000224","Lower Tier Local Authority",2021-04-30,3,160758,8280,"30 April 2021","Considered incomplete",5150.59903706192,1.86615907139925,35,21.7718558329912,0.52,5,23
"Arun","E07000224","Lower Tier Local Authority",2021-05-01,2,160758,8282,"01 May 2021","Considered incomplete",5151.84314310952,1.2441060475995,35,21.7718558329912,0.59,5,22
"Arun","E07000224","Lower Tier Local Authority",2021-05-02,1,160758,8283,"02 May 2021","Considered incomplete",5152.46519613332,0.622053023799749,29,18.0395376901927,0.12,4.14285714285714,26
"Arun","E07000224","Lower Tier Local Authority",2021-05-03,1,160758,8284,"03 May 2021","Considered incomplete",5153.08724915712,0.622053023799749,25,15.5513255949937,-0.11,3.57142857142857,28
